date,company,ticker,open,high,low,close,volume
2025-01-02,Microsoft,MSFT,391.6,391.6,387.21,390.67,29914029
2025-01-03,Microsoft,MSFT,388.47,391.56,385.86,389.57,22185654
2025-01-06,Microsoft,MSFT,374.24,380.13,370.38,376.4,19917636
2025-01-07,Microsoft,MSFT,379.68,379.68,373.92,377.33,25497696
2025-01-08,Microsoft,MSFT,378.01,381.72,374.84,376.92,26741735
2025-01-09,Microsoft,MSFT,371.76,375.99,370.75,371.5,25377744
2025-01-10,Microsoft,MSFT,369.17,370.79,367.15,370.55,17668959
2025-01-13,Microsoft,MSFT,371.23,373.88,369.6,371.49,19852668
2025-01-14,Microsoft,MSFT,363.35,367.22,358.05,363.53,16491249
2025-01-15,Microsoft,MSFT,377.82,380.16,375.46,379.13,20760777
2025-01-16,Microsoft,MSFT,375.39,377.46,373.81,375.14,27532974
2025-01-17,Microsoft,MSFT,370.18,374.93,370.18,371.75,25197795
2025-01-20,Microsoft,MSFT,358.47,361.27,357.76,360.17,22851558
2025-01-21,Microsoft,MSFT,361.31,362.59,356.92,361.35,21927584
2025-01-22,Microsoft,MSFT,360.86,362.01,359.83,361.06,16213374
2025-01-23,Microsoft,MSFT,362.51,363.87,359.53,359.97,23012228
2025-01-24,Microsoft,MSFT,353.93,356.49,349.18,353.35,17746953
2025-01-27,Microsoft,MSFT,356.03,357.0,355.12,356.72,28249063
2025-01-28,Microsoft,MSFT,366.4,366.4,361.94,365.26,22839616
2025-01-29,Microsoft,MSFT,368.07,373.55,367.54,369.04,22902272
2025-01-30,Microsoft,MSFT,367.99,374.69,364.29,369.44,27253182
2025-01-31,Microsoft,MSFT,372.36,374.55,371.77,371.92,24042985
2025-02-03,Microsoft,MSFT,364.21,368.87,360.96,364.47,21648197
2025-02-04,Microsoft,MSFT,356.61,361.87,353.43,357.58,26282250
2025-02-05,Microsoft,MSFT,366.82,370.14,361.43,364.74,22323097
2025-02-06,Microsoft,MSFT,362.17,366.76,360.43,361.5,17339640
2025-02-07,Microsoft,MSFT,363.76,367.44,363.76,364.53,22967603
2025-02-10,Microsoft,MSFT,369.54,369.77,362.99,369.43,19324992
2025-02-11,Microsoft,MSFT,364.45,364.64,363.07,364.14,25301684
2025-02-12,Microsoft,MSFT,363.51,369.36,363.51,364.78,29016666
2025-02-13,Microsoft,MSFT,368.0,370.55,366.84,368.33,29488183
2025-02-14,Microsoft,MSFT,366.25,366.25,362.79,363.14,16209017
2025-02-17,Microsoft,MSFT,358.63,362.86,358.63,360.38,26809974
2025-02-18,Microsoft,MSFT,353.78,353.78,349.59,352.38,24952943
2025-02-19,Microsoft,MSFT,356.33,356.42,353.88,355.04,21652499
2025-02-20,Microsoft,MSFT,360.52,363.64,360.52,360.89,17620005
2025-02-21,Microsoft,MSFT,359.41,359.88,358.91,359.71,26881186
2025-02-24,Microsoft,MSFT,356.0,359.12,356.0,358.0,31688622
2025-02-25,Microsoft,MSFT,348.03,351.76,342.31,349.68,20138590
2025-02-26,Microsoft,MSFT,345.57,346.87,341.34,346.29,21238580
2025-02-27,Microsoft,MSFT,351.31,355.29,350.35,351.55,23526323
2025-02-28,Microsoft,MSFT,351.41,359.65,351.41,355.23,15426085
2025-03-03,Microsoft,MSFT,365.4,365.77,358.55,363.49,28592811
2025-03-04,Microsoft,MSFT,371.55,371.74,369.49,369.91,25918808
2025-03-05,Microsoft,MSFT,376.87,376.87,373.18,374.27,20478247
2025-03-06,Microsoft,MSFT,369.48,371.15,364.17,369.39,21032466
2025-03-07,Microsoft,MSFT,368.65,369.66,365.29,368.49,20853494
2025-03-10,Microsoft,MSFT,362.96,368.87,359.07,364.27,26053261
2025-03-11,Microsoft,MSFT,355.43,358.67,352.69,356.54,20929309
2025-03-12,Microsoft,MSFT,355.46,358.56,355.46,358.18,20339171
2025-03-13,Microsoft,MSFT,357.57,357.85,357.43,357.79,26710639
2025-03-14,Microsoft,MSFT,364.9,364.9,360.19,361.85,20027590
2025-03-17,Microsoft,MSFT,376.46,381.7,376.46,378.54,24821197
2025-03-18,Microsoft,MSFT,370.82,376.48,368.37,372.69,27036892
2025-03-19,Microsoft,MSFT,373.4,374.89,372.12,372.5,19321097
2025-03-20,Microsoft,MSFT,360.14,362.32,356.77,358.95,17251815
2025-03-21,Microsoft,MSFT,360.71,363.38,357.7,361.52,15811423
2025-03-24,Microsoft,MSFT,358.14,358.14,351.6,355.14,27485277
2025-03-25,Microsoft,MSFT,348.02,348.02,341.48,345.82,28965285
2025-03-26,Microsoft,MSFT,355.58,355.58,349.83,353.89,22979578
2025-03-27,Microsoft,MSFT,352.81,353.47,346.05,352.73,26736363
2025-03-28,Microsoft,MSFT,351.2,352.37,349.99,351.12,23989532
2025-03-31,Microsoft,MSFT,348.3,349.09,348.3,348.87,30120237
2025-04-01,Microsoft,MSFT,348.88,350.65,346.25,347.68,22678407
2025-04-02,Microsoft,MSFT,350.64,352.96,348.7,350.4,25678591
2025-04-03,Microsoft,MSFT,347.97,348.6,346.33,346.99,17735687
2025-04-04,Microsoft,MSFT,346.62,346.62,344.33,346.09,25518837
2025-04-07,Microsoft,MSFT,344.42,346.9,339.99,343.29,26545682
2025-04-08,Microsoft,MSFT,345.5,347.26,344.55,345.11,25236002
2025-04-09,Microsoft,MSFT,334.95,337.15,334.95,336.72,20555270
2025-04-10,Microsoft,MSFT,339.11,341.83,339.11,340.59,31465751
2025-04-11,Microsoft,MSFT,343.03,343.03,336.94,341.18,30574869
2025-04-14,Microsoft,MSFT,333.72,337.78,333.72,335.66,23079043
2025-04-15,Microsoft,MSFT,335.04,339.58,332.99,336.47,30462216
2025-04-16,Microsoft,MSFT,328.33,333.92,328.33,330.34,29959664
2025-04-17,Microsoft,MSFT,329.63,331.23,329.27,329.44,23010487
2025-04-18,Microsoft,MSFT,333.68,338.79,333.27,334.11,17098381
2025-04-21,Microsoft,MSFT,340.15,340.15,338.06,338.4,28475110
2025-04-22,Microsoft,MSFT,334.37,334.67,332.7,333.41,24441158
2025-04-23,Microsoft,MSFT,341.05,341.05,338.64,338.96,25151008
2025-04-24,Microsoft,MSFT,338.91,341.0,338.27,340.57,19296546
2025-04-25,Microsoft,MSFT,339.05,340.8,335.69,339.8,23429400
2025-04-28,Microsoft,MSFT,334.26,335.55,333.26,335.1,18306871
2025-04-29,Microsoft,MSFT,338.99,338.99,332.86,337.43,28127165
2025-04-30,Microsoft,MSFT,332.74,336.51,332.03,333.23,28881054
2025-05-01,Microsoft,MSFT,342.33,343.53,340.67,342.35,17820968
2025-05-02,Microsoft,MSFT,347.88,350.52,346.35,346.72,18628499
2025-05-05,Microsoft,MSFT,343.78,345.16,342.67,345.08,20425077
2025-05-06,Microsoft,MSFT,350.85,351.96,347.31,350.99,16873242
2025-05-07,Microsoft,MSFT,368.26,369.99,366.93,367.82,20254046
2025-05-08,Microsoft,MSFT,363.91,367.0,358.14,363.17,28942429
2025-05-09,Microsoft,MSFT,355.47,361.32,353.43,356.25,26986661
2025-05-12,Microsoft,MSFT,353.64,355.62,352.49,352.71,24394460
2025-05-13,Microsoft,MSFT,351.03,351.03,347.22,349.75,30653953
2025-05-14,Microsoft,MSFT,351.84,352.6,346.97,351.87,17615577
2025-05-15,Microsoft,MSFT,351.56,355.09,351.56,353.16,22606129
2025-05-16,Microsoft,MSFT,354.77,357.65,354.77,355.92,22924472
2025-05-19,Microsoft,MSFT,358.6,359.24,357.61,358.19,23805346
2025-05-20,Microsoft,MSFT,353.37,353.67,351.72,352.65,25375458
2025-05-21,Microsoft,MSFT,345.01,345.01,341.48,343.39,22178823
2025-05-22,Microsoft,MSFT,338.5,339.88,334.44,338.74,27030561
2025-05-23,Microsoft,MSFT,343.11,347.08,342.52,343.82,27466337
2025-05-26,Microsoft,MSFT,358.31,361.05,357.66,359.89,16690870
2025-05-27,Microsoft,MSFT,362.61,363.41,360.49,362.2,31246782
2025-05-28,Microsoft,MSFT,368.62,373.17,367.42,369.84,16270775
2025-05-29,Microsoft,MSFT,364.89,369.53,363.8,364.55,23142334
2025-05-30,Microsoft,MSFT,363.69,364.78,358.72,364.33,20171939
2025-06-02,Microsoft,MSFT,375.17,380.62,375.17,377.6,24701153
2025-06-03,Microsoft,MSFT,384.79,387.26,382.07,384.36,31741019
2025-06-04,Microsoft,MSFT,388.52,388.99,386.17,387.89,23742335
2025-06-05,Microsoft,MSFT,392.24,392.24,388.06,391.3,29554663
2025-06-06,Microsoft,MSFT,396.64,396.84,391.34,394.76,17893737
2025-06-09,Microsoft,MSFT,386.74,387.66,382.69,384.36,23401155
2025-06-10,Microsoft,MSFT,389.07,391.0,387.12,388.52,17793659
2025-06-11,Microsoft,MSFT,392.37,393.65,386.73,392.24,28111068
2025-06-12,Microsoft,MSFT,392.36,397.68,392.27,393.18,27516958
2025-06-13,Microsoft,MSFT,387.77,393.25,386.56,388.54,18165406
2025-06-16,Microsoft,MSFT,382.16,387.82,382.16,384.73,24186593
2025-06-17,Microsoft,MSFT,378.28,382.47,377.51,378.15,29759582
2025-06-18,Microsoft,MSFT,393.12,394.74,390.97,392.38,31269084
2025-06-19,Microsoft,MSFT,390.96,393.4,387.19,392.06,31177030
2025-06-20,Microsoft,MSFT,378.67,383.75,376.54,379.73,19806948
2025-06-23,Microsoft,MSFT,389.06,391.27,386.21,387.37,27760000
2025-06-24,Microsoft,MSFT,388.31,388.31,384.34,386.99,26789592
2025-06-25,Microsoft,MSFT,388.13,395.36,388.13,390.74,15597363
2025-06-26,Microsoft,MSFT,393.93,396.16,393.16,393.56,20074400
2025-06-27,Microsoft,MSFT,396.51,396.93,387.82,394.47,26233991
2025-06-30,Microsoft,MSFT,400.9,405.9,400.9,402.82,17379622
2025-07-01,Microsoft,MSFT,402.48,406.4,402.48,405.38,24740135
2025-07-02,Microsoft,MSFT,418.12,420.33,417.88,419.33,23104767
2025-07-03,Microsoft,MSFT,427.96,429.32,424.63,428.6,22445226
2025-07-04,Microsoft,MSFT,439.67,439.67,437.23,438.73,16620951
2025-07-07,Microsoft,MSFT,440.92,440.92,438.64,440.38,31167494
2025-07-08,Microsoft,MSFT,440.38,445.2,436.31,440.17,25469981
2025-07-09,Microsoft,MSFT,446.6,449.23,439.17,444.22,19003377
2025-07-10,Microsoft,MSFT,434.16,437.3,433.05,434.96,16603171
2025-07-11,Microsoft,MSFT,431.9,431.97,427.64,430.67,17856095
2025-07-14,Microsoft,MSFT,419.82,423.39,419.82,420.96,26950910
2025-07-15,Microsoft,MSFT,428.3,428.94,424.77,428.7,23496210
2025-07-16,Microsoft,MSFT,414.13,420.97,414.07,417.0,24312123
2025-07-17,Microsoft,MSFT,432.21,436.32,430.61,434.02,24759524
2025-07-18,Microsoft,MSFT,438.89,441.72,438.89,440.51,25832496
2025-07-21,Microsoft,MSFT,442.99,445.89,439.56,443.96,16727536
2025-07-22,Microsoft,MSFT,431.86,436.0,431.53,432.72,16048964
2025-07-23,Microsoft,MSFT,426.38,433.1,426.38,429.83,25805181
2025-07-24,Microsoft,MSFT,426.4,431.45,426.4,428.47,17709058
2025-07-25,Microsoft,MSFT,431.66,438.81,431.66,432.77,16439378
2025-07-28,Microsoft,MSFT,426.81,429.08,424.88,427.5,22813570
2025-07-29,Microsoft,MSFT,430.89,431.98,423.43,429.85,16106439
2025-07-30,Microsoft,MSFT,437.82,444.94,437.82,439.51,26588284
2025-07-31,Microsoft,MSFT,440.88,443.95,439.71,442.81,16008481
2025-08-01,Microsoft,MSFT,450.51,455.09,446.1,449.79,16155727
2025-08-04,Microsoft,MSFT,449.65,450.03,446.49,449.14,20471066
2025-08-05,Microsoft,MSFT,453.91,453.91,447.79,451.78,28893702
2025-08-06,Microsoft,MSFT,457.7,463.23,456.05,458.93,28673483
2025-08-07,Microsoft,MSFT,447.14,451.87,441.18,447.44,20749876
2025-08-08,Microsoft,MSFT,459.85,459.85,451.52,457.2,28486177
2025-08-11,Microsoft,MSFT,459.38,459.96,457.0,458.58,17730407
2025-08-12,Microsoft,MSFT,448.69,453.69,448.69,449.33,30673646
2025-08-13,Microsoft,MSFT,450.97,455.6,448.6,453.02,28231417
2025-08-14,Microsoft,MSFT,461.9,464.47,457.8,461.85,16870830
2025-08-15,Microsoft,MSFT,455.08,455.79,451.42,453.43,28147284
2025-08-18,Microsoft,MSFT,450.48,452.72,450.48,452.18,22198516
2025-08-19,Microsoft,MSFT,462.14,462.74,457.86,461.87,23648145
2025-08-20,Microsoft,MSFT,470.55,473.39,469.36,472.26,15475405
2025-08-21,Microsoft,MSFT,472.96,476.9,472.0,473.12,21371371
2025-08-22,Microsoft,MSFT,477.49,477.49,470.99,474.3,26278898
2025-08-25,Microsoft,MSFT,471.23,478.2,470.38,473.99,31381468
2025-08-26,Microsoft,MSFT,469.36,472.48,467.91,469.85,26040203
2025-08-27,Microsoft,MSFT,471.54,473.89,468.39,468.61,27913732
2025-08-28,Microsoft,MSFT,480.45,484.67,476.99,480.99,28360618
2025-08-29,Microsoft,MSFT,475.84,480.24,471.7,477.71,25179659
2025-09-01,Microsoft,MSFT,474.39,479.97,474.39,475.9,28253092
2025-09-02,Microsoft,MSFT,471.01,478.36,471.01,474.83,21596284
2025-09-03,Microsoft,MSFT,477.32,482.49,473.32,476.93,17791530
2025-09-04,Microsoft,MSFT,485.69,486.03,483.78,485.01,27277050
2025-09-05,Microsoft,MSFT,472.21,474.59,468.48,471.27,26821473
2025-09-08,Microsoft,MSFT,473.9,478.53,471.33,475.59,18224821
2025-09-09,Microsoft,MSFT,465.31,474.51,465.31,467.31,25926987
2025-09-10,Microsoft,MSFT,463.65,465.56,456.63,464.33,16826826
2025-09-11,Microsoft,MSFT,470.14,470.41,464.08,470.21,29210318
2025-09-12,Microsoft,MSFT,467.1,475.32,466.35,468.51,20800383
2025-09-15,Microsoft,MSFT,454.58,455.62,454.17,455.14,24866062
2025-09-16,Microsoft,MSFT,476.56,478.66,470.53,476.03,28082005
2025-09-17,Microsoft,MSFT,486.17,488.9,482.97,485.71,28951306
2025-09-18,Microsoft,MSFT,480.63,483.77,478.76,480.74,27474473
2025-09-19,Microsoft,MSFT,487.86,487.86,483.94,485.17,16897036
2025-09-22,Microsoft,MSFT,475.51,481.85,475.51,479.14,27730230
2025-09-23,Microsoft,MSFT,484.07,490.94,484.07,488.01,22088446
2025-09-24,Microsoft,MSFT,491.03,491.03,488.8,490.41,29596313
2025-09-25,Microsoft,MSFT,506.39,511.23,503.8,505.94,22427387
2025-09-26,Microsoft,MSFT,503.13,513.85,501.4,504.07,28396915
2025-09-29,Microsoft,MSFT,518.46,524.88,516.65,519.16,30997816
2025-09-30,Microsoft,MSFT,513.06,514.96,507.0,511.8,25615701
2025-10-01,Microsoft,MSFT,508.72,512.95,507.51,508.99,27104062
2025-10-02,Microsoft,MSFT,517.01,526.96,513.31,516.0,23295142
2025-10-03,Microsoft,MSFT,526.29,527.74,521.93,526.66,27692775
2025-10-06,Microsoft,MSFT,531.62,534.01,526.32,528.44,19972898
2025-10-07,Microsoft,MSFT,536.42,540.03,534.96,536.2,17424705
2025-10-08,Microsoft,MSFT,533.2,535.56,533.2,533.56,25645695
2025-10-09,Microsoft,MSFT,535.7,545.23,535.01,540.5,16482855
2025-10-10,Microsoft,MSFT,550.8,550.8,539.64,548.54,20158149
2025-10-13,Microsoft,MSFT,556.58,556.58,551.28,553.21,23589424
2025-10-14,Microsoft,MSFT,560.07,561.49,560.07,561.41,31397980
2025-10-15,Microsoft,MSFT,559.39,559.73,556.69,557.41,26037293
2025-10-16,Microsoft,MSFT,556.02,561.14,552.72,557.19,31032903
2025-10-17,Microsoft,MSFT,554.82,554.82,552.03,552.16,20784055
2025-10-20,Microsoft,MSFT,539.43,541.47,536.77,541.4,20417358
2025-10-21,Microsoft,MSFT,553.83,559.4,548.35,552.32,23390011
2025-10-22,Microsoft,MSFT,568.44,569.59,561.94,567.82,22922787
2025-10-23,Microsoft,MSFT,576.95,588.51,576.58,578.79,31457900
2025-10-24,Microsoft,MSFT,585.83,588.65,585.09,587.01,19325437
2025-10-27,Microsoft,MSFT,596.89,599.35,590.65,595.57,18444193
2025-10-28,Microsoft,MSFT,595.88,596.5,592.26,593.89,21553096
2025-10-29,Microsoft,MSFT,594.08,594.08,588.64,589.06,22075278
2025-10-30,Microsoft,MSFT,584.96,587.35,584.37,584.42,15470856
2025-10-31,Microsoft,MSFT,586.41,589.82,582.98,583.23,23219526
2025-11-03,Microsoft,MSFT,577.95,589.28,570.93,578.32,17826877
2025-11-04,Microsoft,MSFT,561.68,561.68,558.46,560.46,27472068
2025-11-05,Microsoft,MSFT,564.45,566.79,564.45,565.06,22026893
2025-11-06,Microsoft,MSFT,571.41,571.41,567.17,570.99,25981658
2025-11-07,Microsoft,MSFT,565.29,567.64,560.66,566.01,15772052
2025-11-10,Microsoft,MSFT,556.25,559.0,554.98,557.09,23844494
2025-11-11,Microsoft,MSFT,557.07,565.93,556.8,560.36,30389374
2025-11-12,Microsoft,MSFT,556.02,561.96,552.98,557.72,21551713
2025-11-13,Microsoft,MSFT,555.9,562.36,547.03,556.54,16845377
2025-11-14,Microsoft,MSFT,555.63,556.61,547.02,555.81,20162461
2025-11-17,Microsoft,MSFT,566.73,570.13,560.93,564.51,17702866
2025-11-18,Microsoft,MSFT,564.32,564.32,558.05,561.86,29714176
2025-11-19,Microsoft,MSFT,564.85,568.52,557.44,565.79,16859396
2025-11-20,Microsoft,MSFT,550.94,556.19,548.64,549.5,27119075
2025-11-21,Microsoft,MSFT,552.25,552.25,546.25,550.26,24538804
2025-11-24,Microsoft,MSFT,565.1,571.27,562.46,566.76,24628137
2025-11-25,Microsoft,MSFT,565.36,568.34,559.85,565.33,31174438
2025-11-26,Microsoft,MSFT,567.14,571.61,567.14,571.12,22283086
2025-11-27,Microsoft,MSFT,558.94,560.87,554.97,557.82,19974081
2025-11-28,Microsoft,MSFT,558.78,564.51,558.78,561.75,24731980
2025-12-01,Microsoft,MSFT,571.45,571.61,568.56,570.92,17373130
2025-12-02,Microsoft,MSFT,558.53,562.09,555.71,559.63,16365421
2025-12-03,Microsoft,MSFT,553.45,561.38,548.39,552.46,19899060
2025-12-04,Microsoft,MSFT,537.41,542.13,534.97,536.01,24138603
2025-12-05,Microsoft,MSFT,544.7,547.28,543.14,546.09,16959392
2025-12-08,Microsoft,MSFT,543.93,548.24,539.86,546.87,26701957
2025-12-09,Microsoft,MSFT,542.37,550.69,541.11,543.27,24970769
2025-12-10,Microsoft,MSFT,544.25,546.74,544.08,544.49,23400833
2025-12-11,Microsoft,MSFT,535.54,543.42,530.64,534.8,19048372
2025-12-12,Microsoft,MSFT,539.59,551.41,539.59,542.27,24073271
2025-12-15,Microsoft,MSFT,531.06,533.96,529.39,532.11,22998107
2025-12-16,Microsoft,MSFT,545.5,552.19,540.6,546.65,20540962
2025-12-17,Microsoft,MSFT,534.93,543.98,530.75,536.78,27999227
2025-12-18,Microsoft,MSFT,530.68,536.82,521.59,529.98,19068904
2025-12-19,Microsoft,MSFT,534.58,534.77,530.58,533.49,17548601
2025-12-22,Microsoft,MSFT,544.73,550.7,542.58,545.59,28182423
2025-12-23,Microsoft,MSFT,548.74,548.74,539.05,546.31,23872406
2025-12-24,Microsoft,MSFT,551.82,554.37,548.28,551.01,26415175
2025-12-25,Microsoft,MSFT,551.33,555.08,547.33,552.05,30269385
2025-12-26,Microsoft,MSFT,558.26,561.56,547.73,555.94,30940442
2025-12-29,Microsoft,MSFT,566.6,566.6,559.4,564.35,27421142
2025-12-30,Microsoft,MSFT,567.31,572.81,559.13,565.57,15630741
2025-12-31,Microsoft,MSFT,572.2,572.42,566.03,567.41,24262587
2026-01-01,Microsoft,MSFT,574.76,574.76,568.35,572.12,27077975
2026-01-02,Microsoft,MSFT,566.69,570.77,559.49,564.59,18384000
2026-01-05,Microsoft,MSFT,561.37,565.2,556.47,559.8,17261950
2026-01-06,Microsoft,MSFT,565.78,567.66,560.77,565.0,27977515
2026-01-07,Microsoft,MSFT,562.89,563.71,556.66,562.38,17309423
2026-01-08,Microsoft,MSFT,566.12,567.7,559.76,560.45,22725271
2026-01-09,Microsoft,MSFT,552.93,555.91,549.96,554.06,16548551
2026-01-12,Microsoft,MSFT,558.85,560.53,558.23,560.12,31878934
2026-01-13,Microsoft,MSFT,557.76,559.38,554.77,556.52,16802597
2026-01-14,Microsoft,MSFT,562.16,568.22,561.23,562.72,30667290
2026-01-15,Microsoft,MSFT,566.28,569.26,560.72,566.6,25216853
2026-01-16,Microsoft,MSFT,568.73,574.62,566.1,571.86,19995552
2026-01-19,Microsoft,MSFT,573.72,573.72,567.76,569.74,26023214
2026-01-20,Microsoft,MSFT,560.59,567.03,560.59,561.98,23394792
2026-01-21,Microsoft,MSFT,560.89,568.27,555.03,559.82,23605017
2026-01-22,Microsoft,MSFT,557.53,558.59,553.42,557.1,16525773
2026-01-23,Microsoft,MSFT,549.53,552.47,546.38,547.31,17920154
2026-01-26,Microsoft,MSFT,546.75,546.77,537.5,545.07,28064939
2026-01-27,Microsoft,MSFT,545.06,547.83,545.06,547.22,19717477
2026-01-28,Microsoft,MSFT,536.66,546.21,533.25,538.2,15921375
2026-01-29,Microsoft,MSFT,522.68,527.02,520.89,521.47,21609553
2026-01-30,Microsoft,MSFT,518.52,522.76,516.75,519.96,20400235
2026-02-02,Microsoft,MSFT,520.35,520.35,512.03,517.89,23443006
2026-02-03,Microsoft,MSFT,525.35,533.72,525.35,528.06,24841468
2026-02-04,Microsoft,MSFT,512.16,515.72,511.75,512.25,23562403
2026-02-05,Microsoft,MSFT,528.6,528.6,521.38,523.98,20687965
2026-02-06,Microsoft,MSFT,525.39,529.87,522.9,527.06,27643942
2026-02-09,Microsoft,MSFT,545.98,549.04,543.23,545.16,21094859
2026-02-10,Microsoft,MSFT,539.3,545.75,539.28,540.69,26093366
2026-02-11,Microsoft,MSFT,526.12,526.58,520.31,525.4,20970305
2026-02-12,Microsoft,MSFT,534.43,536.41,529.86,533.39,24772815
2026-02-13,Microsoft,MSFT,536.74,540.67,536.74,539.45,31665118
2026-02-16,Microsoft,MSFT,532.16,538.75,531.31,533.87,17050935
2026-02-17,Microsoft,MSFT,530.89,531.04,528.19,530.95,21002400
2026-02-18,Microsoft,MSFT,526.44,526.44,524.7,525.47,29381012
2026-02-19,Microsoft,MSFT,529.39,533.05,529.39,529.78,16184267
2026-02-20,Microsoft,MSFT,542.47,542.47,535.46,538.95,16917304
2026-02-23,Microsoft,MSFT,542.38,543.2,539.61,541.69,28619563
2026-02-24,Microsoft,MSFT,533.43,539.44,532.41,536.41,20380475
2026-02-25,Microsoft,MSFT,539.7,540.61,539.45,540.05,22037965
2026-02-26,Microsoft,MSFT,532.59,534.11,531.09,533.93,15706954
2026-02-27,Microsoft,MSFT,528.92,533.01,528.9,529.6,31274931
2026-03-02,Microsoft,MSFT,528.71,530.63,523.45,529.72,25537967
2026-03-03,Microsoft,MSFT,530.18,532.1,529.94,531.38,24017448
2026-03-04,Microsoft,MSFT,531.41,532.8,523.34,528.8,20354548
2026-03-05,Microsoft,MSFT,521.91,526.27,519.41,522.58,18758707
2026-03-06,Microsoft,MSFT,508.62,515.4,508.62,509.87,25320332
2026-03-09,Microsoft,MSFT,508.53,510.48,503.76,507.11,29049275
2026-03-10,Microsoft,MSFT,498.65,500.87,496.06,497.53,16010561
2026-03-11,Microsoft,MSFT,504.01,504.28,498.19,500.41,26268066
2026-03-12,Microsoft,MSFT,507.45,515.85,502.02,507.98,15728494
2026-03-13,Microsoft,MSFT,508.26,512.27,508.26,510.7,30259485
2026-03-16,Microsoft,MSFT,504.05,508.9,502.99,504.79,30962175
2026-03-17,Microsoft,MSFT,506.75,506.75,498.34,504.63,30793434
2026-03-18,Microsoft,MSFT,488.74,491.84,481.23,490.15,19554832
2026-03-19,Microsoft,MSFT,497.51,497.51,488.67,495.02,20833217
2026-03-20,Microsoft,MSFT,487.33,489.74,486.35,488.77,22377338
2026-03-23,Microsoft,MSFT,491.9,496.2,486.71,492.3,19596047
2026-03-24,Microsoft,MSFT,488.45,488.45,482.52,485.1,20622084
2026-03-25,Microsoft,MSFT,474.3,479.56,467.11,475.2,30860042
